Original;Normalized
Aaga;Ågo
Aage;Åge
Aago;Ågo
Aamund;Åmund
Abel;Abel
Abraham;Abraham
Adrian;Adrian
Afgut;Afgut
Albert;Albert
Albrigt;Albrigt
Alexander;Alexander
Alf;Alf
Alff;Alf
Alhed;Alhed
Allef;Alf
Allexander;Alexander
Amders;Anders
Ammot;Ammot
Amot;Ammot
Amund;Amund
Ander;Anders
Anders;Anders
anders;Anders
Anders ;Anders
Anderse;Anders
Andes;Anders
Andfind;Anfind
Andrs;Anders
Aners;Anders
Anfind;Anfind
Annodt;Annot
Annoit;Annot
Annot;Annot
Anot;Annot
Anphind;Anfind
Anthonj;Antonius
Antonius;Antonius
Aren;Aren
Arius;Arius
Arne;Arne
Arnis;Arius
Arrius;Arius
Arrus;Arius
Asbiørn;Asbjørn
Ascheld;Askild
Aschlach;Aslak
Asgout;Asgut
Asgut;Asgut
Ashield;Askild
Askel;Askild
Askild;Askild
Aslach;Aslak
Aslack;Aslak
Aslag;Aslak
Aslak;Aslak
Avaskeld;Waskild
Baar;Bård
Baard;Bård
Baattel;Bottel
Balter;Batlzer
Baltzer;Batlzer
Balzer;Baltzer
Bastian;Bastian
bastian;Bastian
Bedix;Bendix
Bellest;Billes
Bendix;Bendix
Bendt;Bent
Berent;Bernt
Bernnt;Bernt
Bertel;Bertil
Bertell;Bertil
Bertil;Bertil
Berttel;Bertil
Billes;Billes
Biørn;Bjørn
Biørne;Bjørne
Birgitta;Birgitta
Borre;Børre
Børre;Børre
Bottel;Bottel
Bottell;Bottel
Brynel;Brynild
Brynield;Brynild
Brynild;Brynild
Caaritz;Kårits
Carel;Karl
Carl;Karl
Chlemit;Klemmet
Chlemmit;Klemmet
Christen;Kristen
Christen ;Kristen
Christer;Krister
Christian;Kristian
Christofer;Kristoffer
Christoffer;Kristoffer
Christopfer;Kristoffer
Christopher;Kristoffer
Claus;Klaus
Clemed;Klemmet
Clemedt;Klemmet
Clemen;Klemmet
Clemend;Klemmet
Clemet;Klemmet
Clemit;Klemmet
Clemmed;Klemmet
Clemmedt;Klemmet
Clemmen;Klemmet
Clemmend;Klemmet
Clemmend ;Klemmet
Clemmet;Klemmet
Clemmit;Klemmet
Clemnen;Klemmet
Colben;Kolben
Colbiørn;Kolbjørn
Cornelius;Kornelius
Crister;Krister
Cristoffer;Kristoffer
Daniel;Daniel
David;David
david;David
Davidt;David
Demes;Dimitry
Demetz;Dimitry
Demiss;Dimitry
Demitz;Dimitry
Diderak;Didrik
Diderik;Didrik
Didrik;Didrik
Dimes;Dimitry
Dimitz;Dimitry
Dirich;Didrik
Dirick;Didrik
Edeis;Edis
Edies;Edis
Edis;Edis
Edvardt;Edvard
Edvart;Edvard
Edvert;Edvard
Eerick;Eirik
Eerik;Eirik
Efven;Even
Eilefue;Ellef
Eilert;Eilert
Eilerte;Eilert
Eileve;Ellef
Eillert;Eilert
Eilluf;Ellef
Eiluf;Ellef
Eiluff;Ellef
Einer;Einar
Einner;Einar
Elias;Elias
Ellef;Ellef
Ellefe;Ellef
Ellerve;Ellef
Ellias;Elias
Elling;Elling
Ellj;Eli
Elluf;Ellef
Elve;Ellef
Endre;Endre
Engebredt;Engebret
Engebret;Engebret
Engebrit;Engebret
Engelbrett;Engebret
Enre;Endre
Erech;Eirik
Erich;Eirik
Erick;Eirik
Erik;Eirik
erik;Eirik
Erland;Erland
Esaias;Esaias
Esajas;Esaias
Eske;Eskild
Eskel;Eskild
Eskell;Eskild
Essaias;Esaias
Even;Even
Evendt;Even
Event;Even
Evert;Evert
Fedder;Fjodor
fedder;Fjodor
Feder;Fjodor
Feltter;Fjodor
Fetter;Fjodor
Finde;Tude
Frederik;Fredrik
Fredrik;Fredrik
Friderik;Fredrik
Fridrik;Fredrik
Gabriel;Gabriel
Gabriell;Gabriel
Galing;Galling
Galling;Galling
Galrig;Galling
Gavriel;Gabriel
Gerield;Gjerild
Gerild;Gjerild
Gierel;Gjerild
Giereld;Gjerild
Gierell;Gjerild
Gierild;Gjerild
Gierl;Gjerild
Giermund;Gjermund
Goute;Gaute
Greger;Greger
Gregers;Greger
Gregores;Greger
Gregorius;Greger
Gregus;Greger
Gudtorm;Guttorm
Gulbrand;Guldbrand
Guldbrad;Guldbrand
Guldbrand;Guldbrand
Gunde;Gunder
Gunder;Gunder
Gunder ;Gunder
Gundersen;Gunder
Gundr;Gunder
Guner;Gunder
Gunner;Gunder
Guri;Guri
Guthorm;Guttorm
Gutorm;Guttorm
gutorm;Guttorm
Guttorm;Guttorm
Guttorm ;Guttorm
Haagen;Hågen
Hafvor;Halvor
Haldoer;Halvor
Halfuard;Halvor
Halfuord;Halvor
Halfvor;Halvor
Halstein;Halstein
Halvard;Halvor
Halvfar;Halvor
Halvfor;Halvor
Halvfvor;Halvor
Halvor;Halvor
Hams;Hans
Hans;Hans
Hans ;Hans
Harmann;Herman
Harmen;Herman
Helfe;Helge
Helge;Helge
Helgie;Helge
Helie;Helle
Helle;Helle
Hellie;Helle
Hemming;Henning
Hendrich;Henrik
Hendrik;Henrik
Hening;Henning
Henning;Henning
Henrek;Henrik
Henrich;Henrik
Henrick;Henrik
Henrik;Henrik
henrik;Henrik
Henrik ;Henrik
Herich;Henrik
Hermand;Hermand
Hindrich;Henrik
Hover;Håvard
Iephrim;Jefim
Iffuer;Iver
Ifuer;Iver
Ingus;Ingus
Isach;Isak
Iver;Iver
Jacab;Jakob
Jachof;Jakob
Jacob;Jakob
jacob;Jakob
Jacov;Jakob
Jafrim;Jefim
Jakop;Jakob
Jan;Jon
Jans;Jacob
Jem;Jem
Jens;Jens
Jens ;Jens
Jephrim;Jefim
Jephrin;Jefim
Jer;Jer
Jermund;Gjermund
jermund;Gjermund
Jesper;Jesper
Jetmund;Gjermund
Jfoer;Iver
Jfr;Iver
Jfuer;Iver
Jfuersen;Iver
Jfver;Iver
Jiermund;Gjermund
Jochum;Joakim
Jockum;Joakim
Jocum;Joakim
Joen;Jon
Joeseph;Josef
Jogn;Jon
Johan;Johan
Johanes;Johannes
Johanis;Johannes
Johannes;Johannes
Johannes ;Johannes
Johannis;Johannes
Johcum;Joakim
John;Jon
John ;Jon
Johnnas;Johannes
Jon;Jon
Jon ;Jon
Jonas;Jonas
Jonnas;Jonas
Jørgen;Jørgen
Jørild;Gjerild
Jorra;Sarre
Josep;Josef
Joseph;Josef
Josph;Josef
Jsach;Isak
Jsack;Isak
Jsak;Isak
Jsrael;Israel
Junch;Junte
Juncih;Junte
Junck;Junte
Junt;Junte
Junte;Junte
Jured;Juriy
Juridd;Juriy
Jurild;Juriy
Jurt;Jurt
Jux;Jux
Jver;Iver
Karen;Karen
Karl;Karl
Kielh;Kjell
Klemid;Klemmet
Klemmit;Klemmet
Knud;Knut
Knudt;Knut
Krie;Rim
KuNiels;Nils
Lalle;Lalle
Lars;Lars
lars;Lars
Lasse;Lasse
lasse;Lasse
Laurids;Lars
Lauridtz;Lars
Lauridz;Lars
Lauritdz;Lars
Laurits;Lars
Lauritz;Lars
Lavritz;Lars
Lemmed;Klemmet
Lodvig;Ludvig
Lodwig;Ludvig
Luduig;Ludvig
Ludvig;Ludvig
Lyder;Lyder
Machri;Makar
Machrj;Makar
Mads;Mads
Madtz;Mads
Madz;Mads
Magne;Magne
Magnus;Magnus
Makerj;Makar
Margrette;Margrete
Maria;Maria
Maritha;Marita
Maritte;Marite
Martha;Marta
Mates;Mathias
Matfey;Matvei
Matfri;Matvei
Mathias;Mathias
Mathies;Mathias
Mathios;Mathias
Mathis;Mathias
Matias;Mathias
Maties;Mathias
Matis;Mathias
Matiss;Mathias
Matthias;Mathias
Matthies;Mathias
Matthis;Mathias
Mattias;Mathias
Matties;Mathias
Matz;Mats
Maxen;Maxim
Maxien;Maxim
Maxim;Maxim
Maxin;Maxim
Melchior;Melkor
Melcho;Melkor
Melchor;Melkor
Melckior;Melkor
Melckor;Melkor
Melkior;Melkor
Melkor;Melkor
Melledt;Mellet
Mellet;Mellet
Mette;Mette
Mhathies;Mathias
Mhatthies;Mathias
Mhellet;Mellet
Michael;Mikkel
Michal;Mikkel
Michel;Mikkel
Mickel;Mikkel
Mikel;Mikkel
Mikell;Mikkel
Millet;Mellet
Minne;Minne
Mocfri;Makar
Mochri;Makar
Mochry;Makar
Moegens;Mogens
Moerids;Moritz
Moeritz;Moritz
Moeses;Moses
Mogens;Mogens
mogens;Mogens
Mohns;Mons
Mokri;Makar
Mokrj;Makar
Mons;Mons
Moritz;Moritz
MOrten;Morten
Morten;Morten
Mortensen;Morten
Morthen;Morten
Mortten;Morten
Moses;Moses
Mothias;Mathias
Motten;Morten
Mourids;Moritz
Mourits;Moritz
Mouritz;Moritz
Mouritzt;Moritz
Moxri;Makar
n.;N.
Naste;Noste
Natanael;Nataniel
Natanaell;Nataniel
Nataniel;Nataniel
Nathanael;Nataniel
Nathanel;Nataniel
Nathaniel;Nataniel
Neche;Nikke
Nels;Nils
Niche;Nikke
Nichel;Mikkel
Nick;Nikke
Nicke;Nikke
Nicolas;Nikolaus
Nicolaus;Nikolaus
Niells;Nils
NIels;Nils
Niels;Nils
niels;Nils
Niels ;Nils
Nielsen;Nils
Nike;Nikke
Nils;Nils
Noste;Noste
Oele;Ole
Oeluf;Ole
Offe;Ove
Ole;Ole
Ole ;Ole
Oleff;Ole
Oll;Ole
Olle;Ole
olle;Olle
Olle ;Ole
Olluf;Ole
Onte;Anton
Ontte;Anton
Østen;Øystein
Otte;Anton
Ottels;Anton
Oulf;Ole
Palle;Palle
Pauel;Pavel
Peder;Peder
Peder ;Peder
Pedir;Peder
Pedr;Peder
pedr;Peder
Peive;Peive
Peives;Peive
Peivies;Peive
Per;Peder
Peridtz;Perris
Peridz;Perris
Peris;Perris
Peritz;Perris
Perridtz;Perris
Perris;Perris
Perritz;Perris
Peter;Peder
Petr;Peder
Petter;Peder
Phedder;Peder
Pheder;Peder
Phedter;Peder
Phetter;Peder
Philemand;Fillemann
Philep;Fillip
Philip;Fillip
Philleman;Fillemann
Phillemand;Fillemann
Phillop;Fillip
Phillup;Fillip
Philman;Fillemann
Philup;Fillip
Pilemand;Fillemann
Pirris;Perris
Polle;Palle
Pouel;Pavel
pouel;Pavel
Poul;Pavel
Poull;Pavel
Povel;Pavel
povel;Pavel
Povell;Pavel
Quive;Kvive
Qviev;Kvive
Qviue;Kvive
Qvive;Kvive
Rasmis;Rasmus
Rasmus;Rasmus
Raste;Raste
Reinerdt;Reinert
Reinert;Reinert
Renert;Reinert
Retter;Fetter
Ricke;Rikke
Riga;Greger
Rigo;Greger
Rim;Rim
Roal;Roald
Robberdt;Robert
Robert;Robert
Roel;Roald
Roeland;Roland
Roland;Roland
Rolandt;Roland
Rollandt;Roland
Rubert;Robert
Rue;Rim
Sabbe;Sabbe
Sabe;Sabbe
Sacarias;Sakarias
Safe;Sava
Safue;Sava
Safve;Sava
Sakarias;Sakarias
Samel;Samuel
Samiel;Samuel
Sammel;Samuel
Samuel;Samuel
Sara;Sarre
Sare;Sarre
Sarra;Sarre
Sarre;Sarre
Sarro;Sarre
Save;Sava
Savve;Sava
Scend;Svend
Seige;Sergei
Semien;Simen
Semmen;Simen
Semmien;Simen
Semmin;Simen
Send;Svend
Serge;Sergei
Sergi;Sergei
Sevald;Sevald
Siemen;Simen
Siffuer;Siver
Sifoer;Siver
Sifuer;Siver
Sifuert;Siver
Sifver;Siver
Simen;Simen
Siment;Simen
Simmen;Simen
Simmer;Simen
Simmin;Simen
Simoen;Simen
Simon;Simen
Simonn;Simen
Sirge;Sergei
Siuer;Sjur
Siur;Sjur
Siver;Siver
Smuel;Samuel
Søfren;Søren
Sore;Sarre
Søren;Søren
Sørn;Søren
Sørn ;Søren
Sorra;Sarre
Sorre;Sarre
Sorren;Søren
Søuren;Søren
Søvren;Søren
Steffan;Steffen
Steffen;Steffen
Stephen;Steffen
Suend;Svend
Svend;Svend
Swie;Tveie
Syneve;Synnøve
Synneve;Synnøve
Tallak;Tallak
Tario;Torio
Teophius;Theofilus
Theopfelus;Theofilus
Theophilus;Theofilus
Therie;Tveie
Thide;Tude
Thoerd;Tord
Thomas;Tommas
Thomes;Tommas
Thommas;Tommas
Thommes;Tommas
Thøncas;Tudekas
Thophilus;Theofilus
Thor;Tor
Thorben;Torben
Thord;Tord
Thore;Tore
Thorio;Torio
Thorio Niels;Torio
Thoris Niels;Torio
Thorphin;Trofim
Thraphind;Trofim
Throfind;Trofim
Thropgin;Trofim
Throphilus;Trofim
Throphin;Trofim
Throphind;Trofim
Thude;Tude
Thudecas;Tudekas
Thudekas;Tudekas
Thueie;Tveie
Thurie;Tveie
Thveie;Tveie
Thvier;Tveie
Tidechas;Tudekas
Tobias;Tobias
Tockield;Torkel
Tøde;Tude
Tødeches;Tudekas
Toer;Tor
Toerd;Tord
Tollach;Tallak
Tollack;Tallak
Tollak;Tallak
Tollef;Tollef
Tollev;Tollef
Tolluf;Tollef
Tolluff;Tollef
Tømaes;Tommas
Tomas;Tommas
Tomes;Tommas
Tømes;Tønnes
Tommas;Tommas
Tommes;Tommas
Tommis;Tommas
Tønis;Tønnes
Tønnes;Tønnes
Tor;Tor
Torben;Torben
Torbilrn;Torbjørn
Torbiøren;Torbjørn
Torbiørn;Torbjørn
Torchel;Torkel
Tord;Tord
Tørdi;Tørres
Tore;Tore
Tøres;Tørres
Torie;Torio
Torio;Torio
Toris;Tørres
Tøris;Tørres
Torkel;Torkel
Torkell;Torkel
Torkild;Torkel
Tørres;Tørres
Torrio;Torio
Tosten;Tosten
Traphind;Trofim
Trephan;Tripfan
Tripfan;Tripfan
Troend;Trond
Tron;Trond
Trond;Trond
Trophilus;Trofilus
Trophin;Trofim
Trophind;Trofinn
Trund;Trond
Tude;Tude
Tudecas;Tudekas
Tudeches;Tudekas
Tudekas;Tudekas
Tudesen;Tude
Tuede;Tude
Tveie;Tveie
Tveir;Tveie
Tveje;Tveie
Tvie;Tveie
Tvio;Tveie
Tygge;Tyge
Vasxhild;Vasili
Vilchen;Vilken
Villum;Villum
Vilum;Villum
Vlemed;Klemmet
Vlemend;Klemmet
Wasche;Vasili
Waschel;Vasili
Wascheld;Vasili
Waschild;Vasili
Wasel;Vasili
Wasild;Vasili
Waskild;Vasili
Waskke;Vasili
Wasse;Vasili
Wassel;Vasili
Weschild;Vasili
Wiching;Wiching
Willem;Villum
Willum;Villum
Wuive;Kvive
Zacharias;Sakarias
Zargie;Sergei
Zierga;Sergei
Zierge;Sergei
Zirga;Sergei
Zirge;Sergei
;NA